-- MySQL dump 10.13  Distrib 8.0.17, for Linux (x86_64)
--
-- Host: localhost    Database: vk
-- ------------------------------------------------------
-- Server version	8.0.17

/*!40101 SET @OLD_CHARACTER_SET_CLIENT=@@CHARACTER_SET_CLIENT */;
/*!40101 SET @OLD_CHARACTER_SET_RESULTS=@@CHARACTER_SET_RESULTS */;
/*!40101 SET @OLD_COLLATION_CONNECTION=@@COLLATION_CONNECTION */;
/*!50503 SET NAMES utf8mb4 */;
/*!40103 SET @OLD_TIME_ZONE=@@TIME_ZONE */;
/*!40103 SET TIME_ZONE='+00:00' */;
/*!40014 SET @OLD_UNIQUE_CHECKS=@@UNIQUE_CHECKS, UNIQUE_CHECKS=0 */;
/*!40014 SET @OLD_FOREIGN_KEY_CHECKS=@@FOREIGN_KEY_CHECKS, FOREIGN_KEY_CHECKS=0 */;
/*!40101 SET @OLD_SQL_MODE=@@SQL_MODE, SQL_MODE='NO_AUTO_VALUE_ON_ZERO' */;
/*!40111 SET @OLD_SQL_NOTES=@@SQL_NOTES, SQL_NOTES=0 */;

--
-- Table structure for table `communities`
--

DROP TABLE IF EXISTS `communities`;
/*!40101 SET @saved_cs_client     = @@character_set_client */;
/*!50503 SET character_set_client = utf8mb4 */;
CREATE TABLE `communities` (
  `id` int(10) unsigned NOT NULL AUTO_INCREMENT,
  `name` varchar(150) CHARACTER SET utf8 COLLATE utf8_unicode_ci NOT NULL,
  PRIMARY KEY (`id`),
  UNIQUE KEY `name` (`name`)
) ENGINE=InnoDB AUTO_INCREMENT=101 DEFAULT CHARSET=utf8 COLLATE=utf8_unicode_ci;
/*!40101 SET character_set_client = @saved_cs_client */;

--
-- Dumping data for table `communities`
--

LOCK TABLES `communities` WRITE;
/*!40000 ALTER TABLE `communities` DISABLE KEYS */;
INSERT INTO `communities` VALUES (18,'A deserunt.'),(10,'Alias quo magni et itaque.'),(80,'Aliquam cum praesentium.'),(36,'Aliquam esse at autem.'),(73,'Aliquam similique quae.'),(31,'Animi alias beatae neque quam.'),(45,'Architecto nobis enim fugit.'),(92,'Aut laborum consequatur.'),(14,'Aut natus dolor.'),(51,'Aut nihil hic.'),(16,'Aut quidem aut voluptatum.'),(69,'Blanditiis aliquam quisquam asperiores.'),(24,'Commodi dolore sit architecto.'),(44,'Consequatur ipsam voluptate ut.'),(99,'Corrupti incidunt aut.'),(47,'Cupiditate cumque eligendi sunt.'),(79,'Deleniti sed sed.'),(15,'Dignissimos non.'),(3,'Dolorem quis.'),(87,'Dolores omnis sit corrupti.'),(46,'Ea omnis et debitis.'),(62,'Earum vero.'),(43,'Enim architecto qui iusto.'),(7,'Esse occaecati dolores.'),(90,'Est consequatur.'),(84,'Et consequatur aliquid hic.'),(57,'Et distinctio et.'),(23,'Eveniet quia aut ipsum.'),(89,'Ex vel sed.'),(97,'Expedita reiciendis vel.'),(37,'Facere dolorum ipsam.'),(30,'Fuga perferendis aut.'),(34,'Fugit commodi magnam.'),(4,'Harum necessitatibus.'),(86,'Id enim dolorum omnis.'),(17,'Id non sint.'),(76,'In culpa nihil corrupti.'),(91,'In dolores rerum.'),(42,'In nobis eaque.'),(41,'Incidunt dolor assumenda.'),(52,'Inventore nesciunt assumenda.'),(74,'Ipsa quia eligendi.'),(98,'Ipsam quia iste optio et.'),(71,'Ipsum praesentium.'),(56,'Iste atque veritatis consequatur.'),(8,'Itaque nostrum cumque ad at.'),(20,'Itaque quia saepe maiores.'),(2,'Magnam id amet non.'),(93,'Molestiae perferendis fuga.'),(26,'Nemo ut sit aut.'),(95,'Nisi enim a.'),(1,'Nobis doloribus itaque.'),(100,'Non aliquid sed.'),(27,'Numquam consequuntur rerum.'),(49,'Pariatur molestiae rem molestiae placeat.'),(32,'Perferendis dolorem id.'),(72,'Porro et facilis ea consectetur.'),(19,'Possimus quis maxime.'),(75,'Quam adipisci sequi.'),(94,'Quam totam porro enim dolorem.'),(38,'Qui asperiores nesciunt.'),(50,'Qui laborum consequatur.'),(85,'Qui necessitatibus deserunt.'),(82,'Qui sed qui commodi.'),(53,'Quia amet.'),(21,'Quia quaerat dignissimos et.'),(65,'Quidem similique veritatis exercitationem.'),(33,'Quis in at voluptatibus.'),(63,'Quisquam corrupti tempora.'),(77,'Quo qui et qui.'),(96,'Quo rerum enim amet.'),(78,'Quos rerum quo.'),(25,'Ratione aliquid.'),(66,'Ratione dignissimos mollitia eius.'),(64,'Reiciendis quia aut.'),(88,'Reprehenderit ut voluptatem.'),(67,'Rerum magni saepe.'),(48,'Rerum officiis ut labore.'),(11,'Rerum rerum sit est.'),(39,'Sed at aspernatur sunt.'),(81,'Sequi expedita magni aliquam.'),(35,'Similique dolorum.'),(60,'Similique non dignissimos.'),(22,'Sint et.'),(5,'Sint vero vel.'),(58,'Soluta facere.'),(40,'Soluta ullam assumenda distinctio.'),(83,'Sunt distinctio nam.'),(54,'Sunt facilis tempore.'),(59,'Tenetur vel explicabo.'),(61,'Ullam odit dolorem temporibus.'),(28,'Unde modi omnis.'),(13,'Ut doloremque eligendi.'),(9,'Ut omnis aut temporibus velit.'),(6,'Vel eligendi et.'),(12,'Vel labore eos doloribus.'),(68,'Vel soluta tempore aut.'),(70,'Voluptatem asperiores unde.'),(55,'Voluptatem blanditiis voluptatibus dolores reprehenderit.'),(29,'Voluptatum iste sit repellat.');
/*!40000 ALTER TABLE `communities` ENABLE KEYS */;
UNLOCK TABLES;

--
-- Table structure for table `communities_users`
--

DROP TABLE IF EXISTS `communities_users`;
/*!40101 SET @saved_cs_client     = @@character_set_client */;
/*!50503 SET character_set_client = utf8mb4 */;
CREATE TABLE `communities_users` (
  `community_id` int(10) unsigned NOT NULL,
  `user_id` int(10) unsigned NOT NULL,
  PRIMARY KEY (`community_id`,`user_id`)
) ENGINE=InnoDB DEFAULT CHARSET=utf8 COLLATE=utf8_unicode_ci;
/*!40101 SET character_set_client = @saved_cs_client */;

--
-- Dumping data for table `communities_users`
--

LOCK TABLES `communities_users` WRITE;
/*!40000 ALTER TABLE `communities_users` DISABLE KEYS */;
INSERT INTO `communities_users` VALUES (0,68),(1,70),(2,63),(3,52),(4,20),(5,80),(6,75),(7,82),(8,67),(9,31),(10,88),(11,97),(12,85),(13,76),(14,22),(15,62),(16,72),(17,83),(18,77),(19,71),(20,39),(21,78),(22,49),(23,59),(24,17),(25,47),(26,24),(27,40),(28,51),(29,14),(30,30),(32,45),(33,27),(34,15),(35,81),(36,90),(37,11),(38,99),(39,34),(40,44),(41,60),(42,95),(43,50),(44,32),(45,36),(46,48),(47,74),(48,79),(49,35),(50,10),(51,89),(52,38),(53,98),(54,91),(55,9),(56,73),(57,57),(58,21),(59,46),(60,8),(61,69),(62,42),(63,28),(64,93),(65,54),(66,86),(67,41),(68,96),(69,58),(70,65),(71,7),(72,6),(73,64),(74,55),(75,16),(76,29),(77,61),(78,100),(79,3),(80,23),(81,43),(82,2),(83,84),(84,13),(85,4),(86,1),(87,5),(88,25),(89,37),(90,66),(91,18),(92,87),(93,53),(94,26),(95,92),(96,19),(97,56),(98,12),(99,33),(100,94);
/*!40000 ALTER TABLE `communities_users` ENABLE KEYS */;
UNLOCK TABLES;

--
-- Table structure for table `friendship`
--

DROP TABLE IF EXISTS `friendship`;
/*!40101 SET @saved_cs_client     = @@character_set_client */;
/*!50503 SET character_set_client = utf8mb4 */;
CREATE TABLE `friendship` (
  `user_id` int(10) unsigned NOT NULL,
  `friend_id` int(10) unsigned NOT NULL,
  `status` varchar(20) CHARACTER SET utf8 COLLATE utf8_unicode_ci NOT NULL,
  `requested_at` datetime DEFAULT CURRENT_TIMESTAMP,
  `confirmed_at` datetime DEFAULT NULL,
  PRIMARY KEY (`user_id`,`friend_id`)
) ENGINE=InnoDB DEFAULT CHARSET=utf8 COLLATE=utf8_unicode_ci;
/*!40101 SET character_set_client = @saved_cs_client */;

--
-- Dumping data for table `friendship`
--

LOCK TABLES `friendship` WRITE;
/*!40000 ALTER TABLE `friendship` DISABLE KEYS */;
INSERT INTO `friendship` VALUES (0,18,'eveniet','1987-02-27 23:26:05','1985-11-10 23:07:29'),(1,53,'friend','2019-09-03 06:50:33','2019-09-03 06:50:33'),(2,53,'iste','2008-09-17 02:04:04','2018-09-20 07:11:20'),(3,18,'molestias','1977-11-10 10:15:51','1998-12-25 23:39:37'),(6,41,'quia','1980-06-06 00:26:30','2009-10-03 21:33:53'),(6,80,'a','1975-08-22 12:43:09','2003-04-22 12:59:54'),(7,20,'aspernatur','1977-08-19 04:19:38','1999-12-12 19:24:09'),(7,70,'quibusdam','1974-02-03 17:11:02','1976-02-08 18:54:10'),(7,92,'aut','1975-06-20 13:12:37','1982-08-04 16:03:38'),(8,46,'amet','1971-09-26 05:23:38','1997-04-19 20:57:45'),(8,83,'blanditiis','1975-05-30 02:48:58','1996-05-02 01:12:05'),(9,22,'quo','2003-05-03 04:35:31','1997-05-01 16:57:12'),(17,37,'et','1973-12-17 06:46:22','1988-11-24 07:49:33'),(18,17,'ut','2011-12-30 21:33:12','2009-06-20 16:41:47'),(18,30,'maiores','2006-07-29 15:02:33','1979-05-27 10:57:20'),(18,93,'amet','1980-01-30 04:59:40','1997-05-16 11:38:51'),(20,70,'et','1980-02-21 20:32:30','2016-03-05 07:14:13'),(20,90,'quis','1990-11-08 09:41:07','1994-07-09 21:04:17'),(21,80,'necessitatibus','1982-12-28 08:12:16','2011-01-23 21:14:29'),(23,1,'eum','1998-07-23 12:46:58','2007-05-14 12:47:48'),(24,60,'debitis','1970-03-22 22:04:28','1977-10-23 00:13:24'),(24,70,'autem','1971-12-31 00:43:12','2012-01-23 19:18:24'),(25,54,'et','1980-09-25 22:08:34','1977-04-08 16:09:43'),(25,85,'quaerat','1972-03-13 02:35:26','2007-07-17 22:01:37'),(26,54,'voluptas','2006-12-25 11:43:16','1985-06-03 04:03:35'),(30,18,'eos','1980-01-19 16:11:40','2008-01-15 17:03:16'),(30,57,'quos','1975-12-09 00:47:57','1976-10-22 18:41:59'),(35,23,'et','2012-04-16 10:12:22','1976-02-17 10:35:22'),(36,46,'consequuntur','1970-12-15 11:04:16','2009-11-27 03:38:09'),(36,81,'at','2016-01-15 23:33:23','2017-10-12 04:57:27'),(37,23,'dolor','1999-06-10 23:22:22','1983-07-06 04:41:39'),(37,75,'porro','1992-06-16 23:51:01','2008-10-22 10:16:08'),(38,21,'non','1989-06-18 17:42:36','2018-09-24 00:15:45'),(39,80,'cupiditate','2010-09-27 07:41:17','1991-11-22 08:11:56'),(40,21,'soluta','1974-10-30 23:05:17','2002-02-20 13:01:29'),(40,75,'rerum','1988-02-23 03:07:51','1995-06-13 10:51:42'),(41,46,'et','1991-07-02 22:38:54','2008-05-17 05:21:40'),(42,33,'nobis','1986-09-06 02:18:11','1999-02-20 17:29:37'),(43,68,'cupiditate','1994-10-10 08:10:57','2012-11-22 21:44:49'),(43,84,'aut','1991-11-16 23:39:20','2012-12-19 09:43:05'),(44,45,'sunt','1970-01-06 02:51:08','1999-02-23 02:02:39'),(46,60,'laudantium','1997-09-28 22:42:53','1996-12-18 10:52:12'),(48,36,'reprehenderit','1981-12-07 04:48:54','1981-09-24 06:58:21'),(48,40,'eum','1983-04-04 05:29:39','2000-06-05 10:57:27'),(48,81,'ducimus','1981-12-02 23:57:46','1980-01-08 22:07:37'),(49,64,'ut','2010-08-10 22:36:12','1985-07-07 10:02:07'),(49,89,'eos','2007-12-27 10:29:24','2005-04-23 23:29:07'),(50,1,'ab','1984-01-18 00:15:09','1995-12-28 08:34:02'),(53,25,'voluptates','1990-09-25 20:09:12','1984-08-03 16:28:03'),(54,96,'vel','2006-10-27 00:56:09','2009-01-21 09:42:07'),(55,48,'maiores','2009-05-29 22:39:11','1973-10-06 10:35:55'),(55,89,'velit','1985-08-21 02:48:40','1978-11-25 11:46:58'),(56,25,'facilis','1988-07-05 13:46:33','2008-06-12 22:24:18'),(57,60,'qui','1981-02-28 03:23:40','1996-07-30 09:52:26'),(57,71,'fuga','1998-03-30 19:30:31','1970-02-06 19:15:58'),(58,82,'corporis','2007-11-30 12:42:03','2011-04-12 23:38:50'),(59,33,'qui','1999-03-22 04:34:49','1987-06-24 14:15:02'),(60,83,'nisi','1988-02-09 19:09:44','1982-08-18 05:17:20'),(62,42,'consequuntur','2002-04-16 01:08:16','2013-04-08 02:58:41'),(62,61,'accusantium','2001-09-22 04:40:41','1989-07-30 17:48:24'),(63,18,'quis','1972-09-27 03:50:23','2012-10-16 14:05:08'),(63,85,'minus','1975-07-15 17:19:38','1989-04-16 13:25:35'),(64,13,'est','1996-04-25 17:56:05','1973-10-12 23:08:33'),(65,23,'sequi','1985-03-17 17:49:35','1972-11-03 10:55:49'),(65,42,'sapiente','1986-12-06 21:37:32','1976-01-08 21:21:33'),(67,20,'eum','1990-12-21 12:22:07','1997-12-26 08:18:56'),(67,78,'ratione','1970-01-31 07:37:32','1988-06-03 13:00:34'),(67,82,'saepe','1995-08-16 17:51:10','1977-01-23 04:42:59'),(71,20,'animi','1978-02-24 12:54:24','2013-10-20 00:09:13'),(71,64,'magnam','1980-04-13 18:34:45','2001-11-09 18:51:06'),(72,10,'voluptate','2011-08-08 11:31:20','1977-06-08 08:54:45'),(72,38,'harum','1997-05-16 07:48:51','2004-12-23 07:08:07'),(72,57,'cumque','2014-08-19 05:42:40','1992-03-10 11:14:05'),(73,77,'minima','2016-07-07 06:57:16','1991-02-04 19:19:38'),(75,12,'dolor','1979-01-12 08:17:56','2012-05-15 02:06:20'),(76,74,'voluptatum','1994-11-11 08:39:34','2019-07-25 07:01:34'),(77,17,'perferendis','2010-05-11 02:48:10','2003-01-01 00:58:20'),(78,3,'sit','1989-07-31 20:33:27','1995-03-27 15:45:04'),(79,29,'fuga','1990-02-06 06:21:00','2002-05-02 22:45:52'),(79,39,'quidem','1999-12-15 02:33:06','1994-07-30 05:25:38'),(79,58,'deserunt','1989-05-26 17:10:01','1997-08-31 07:48:50'),(80,84,'corporis','2018-01-23 08:43:10','2014-05-15 11:42:13'),(82,4,'pariatur','2005-05-19 02:25:53','1983-11-05 07:58:47'),(82,35,'quasi','2018-02-22 02:52:54','1990-01-01 18:38:35'),(82,52,'vel','2012-12-07 14:22:41','1975-12-12 19:38:06'),(83,42,'aut','1988-09-11 02:04:34','1992-08-16 19:12:44'),(83,78,'voluptatem','1993-01-31 21:14:21','2015-12-23 15:11:38'),(85,2,'sint','1983-09-20 08:00:47','2001-12-11 10:48:22'),(86,15,'voluptatum','1975-02-18 21:57:10','2017-05-04 00:41:21'),(86,38,'modi','2016-01-07 18:09:09','1993-05-15 13:34:34'),(89,85,'voluptatibus','1982-04-13 16:38:51','1974-07-07 03:44:35'),(89,90,'eos','1988-12-17 00:29:21','1971-09-27 15:16:47'),(91,78,'dolorum','2002-03-04 21:30:17','2009-03-30 22:13:29'),(92,14,'quidem','1989-10-15 00:13:03','1985-10-18 16:22:34'),(93,0,'provident','1982-09-24 18:37:56','1988-01-17 17:32:55'),(93,41,'eos','1995-09-20 00:26:16','2000-11-04 09:06:47'),(98,42,'asperiores','1988-10-29 18:16:20','2016-07-05 10:46:33'),(98,56,'blanditiis','1972-10-12 10:28:34','2001-11-20 04:45:38'),(98,84,'sint','1972-10-23 00:29:38','1994-06-01 23:17:26'),(98,88,'et','1990-05-21 03:50:26','2001-03-22 15:33:32'),(99,74,'pariatur','2014-12-30 20:25:57','1993-10-14 16:32:48');
/*!40000 ALTER TABLE `friendship` ENABLE KEYS */;
UNLOCK TABLES;

--
-- Table structure for table `like_types`
--

DROP TABLE IF EXISTS `like_types`;
/*!40101 SET @saved_cs_client     = @@character_set_client */;
/*!50503 SET character_set_client = utf8mb4 */;
CREATE TABLE `like_types` (
  `id` bigint(20) unsigned NOT NULL AUTO_INCREMENT,
  `name` varchar(255) NOT NULL,
  UNIQUE KEY `id` (`id`),
  UNIQUE KEY `name` (`name`)
) ENGINE=InnoDB AUTO_INCREMENT=4 DEFAULT CHARSET=utf8mb4 COLLATE=utf8mb4_0900_ai_ci;
/*!40101 SET character_set_client = @saved_cs_client */;

--
-- Dumping data for table `like_types`
--

LOCK TABLES `like_types` WRITE;
/*!40000 ALTER TABLE `like_types` DISABLE KEYS */;
INSERT INTO `like_types` VALUES (1,'media'),(3,'messages'),(2,'users');
/*!40000 ALTER TABLE `like_types` ENABLE KEYS */;
UNLOCK TABLES;

--
-- Table structure for table `likes`
--

DROP TABLE IF EXISTS `likes`;
/*!40101 SET @saved_cs_client     = @@character_set_client */;
/*!50503 SET character_set_client = utf8mb4 */;
CREATE TABLE `likes` (
  `id` bigint(20) unsigned NOT NULL AUTO_INCREMENT,
  `user_id` int(10) unsigned NOT NULL,
  `item_id` int(10) unsigned NOT NULL,
  `like_type_id` int(10) unsigned NOT NULL,
  `created_at` datetime DEFAULT CURRENT_TIMESTAMP,
  UNIQUE KEY `id` (`id`)
) ENGINE=InnoDB AUTO_INCREMENT=101 DEFAULT CHARSET=utf8 COLLATE=utf8_unicode_ci;
/*!40101 SET character_set_client = @saved_cs_client */;

--
-- Dumping data for table `likes`
--

LOCK TABLES `likes` WRITE;
/*!40000 ALTER TABLE `likes` DISABLE KEYS */;
INSERT INTO `likes` VALUES (1,52,98,0,'1985-01-25 06:54:46'),(2,35,47,1,'2013-11-08 01:58:29'),(4,47,40,0,'2016-03-15 11:26:52'),(5,59,60,0,'2013-11-06 07:24:23'),(6,74,1,0,'1974-04-08 04:32:37'),(7,68,59,2,'2011-07-22 17:50:31'),(8,30,99,1,'2002-03-17 22:14:33'),(9,26,65,1,'1979-07-10 06:28:09'),(10,12,13,2,'2014-03-30 07:37:54'),(11,21,90,0,'1988-07-04 01:23:33'),(12,52,83,0,'1970-01-20 18:12:37'),(13,36,70,0,'1999-03-01 14:47:01'),(14,48,85,1,'1972-01-27 00:25:20'),(15,76,83,1,'2013-10-15 05:36:14'),(16,63,41,0,'1980-04-08 04:26:36'),(17,8,82,1,'1998-02-12 06:19:37'),(18,36,57,1,'2007-11-16 08:03:37'),(19,98,30,1,'1978-02-02 22:07:21'),(20,49,2,0,'1977-03-30 09:56:06'),(21,24,37,1,'1970-10-03 01:53:28'),(22,37,86,1,'1983-11-16 08:33:33'),(23,42,76,0,'1973-06-22 22:16:55'),(24,42,73,0,'2007-02-08 01:24:10'),(25,92,79,2,'1984-04-24 07:46:51'),(26,53,5,2,'2010-10-30 10:40:18'),(27,68,89,1,'1970-01-07 11:01:25'),(28,36,58,2,'2005-04-23 12:49:45'),(29,6,99,1,'1992-07-21 08:00:11'),(30,57,64,2,'1980-10-12 19:39:15'),(31,72,75,1,'1975-01-20 21:17:54'),(32,12,50,1,'2013-01-03 03:46:15'),(33,85,93,2,'1975-08-08 03:00:55'),(34,91,1,0,'1986-08-15 01:22:28'),(35,6,67,2,'2008-09-11 08:02:57'),(36,40,88,1,'1993-07-28 13:30:32'),(37,10,75,1,'1994-07-15 18:45:16'),(38,88,65,0,'2010-03-26 04:07:53'),(39,77,66,2,'2005-03-15 23:07:09'),(40,24,35,0,'1989-08-09 05:42:02'),(41,72,34,1,'1990-04-04 01:55:21'),(42,68,91,1,'1978-01-05 07:03:53'),(43,89,41,0,'1997-02-01 23:11:48'),(44,98,22,1,'1985-09-01 05:21:37'),(45,89,32,2,'2016-11-25 08:35:12'),(46,24,9,2,'1975-10-15 22:12:04'),(47,4,8,1,'1985-07-12 22:34:40'),(48,94,86,0,'2013-10-21 06:53:39'),(49,25,8,1,'2005-12-26 07:24:18'),(50,77,44,1,'1999-01-27 19:42:01'),(51,95,63,0,'2017-08-03 22:36:26'),(52,31,96,2,'2014-07-03 00:08:44'),(53,70,28,1,'2007-12-19 01:13:24'),(54,20,100,0,'1991-06-30 12:22:44'),(55,12,94,2,'2019-04-02 01:41:31'),(56,73,49,0,'1993-04-11 05:16:07'),(57,51,99,0,'2013-07-19 12:47:13'),(58,89,89,2,'1987-05-17 07:53:21'),(59,80,29,2,'1984-06-22 20:46:27'),(60,48,3,1,'1994-07-23 06:51:57'),(61,75,19,2,'1986-12-09 19:31:16'),(62,63,21,2,'1985-08-15 08:05:17'),(63,15,38,0,'1996-02-13 23:18:53'),(64,45,5,1,'1977-03-24 03:40:12'),(65,1,75,0,'1989-05-28 23:14:51'),(66,79,95,1,'2001-07-28 01:00:32'),(67,89,32,0,'2019-02-13 21:54:25'),(68,12,93,2,'1972-10-30 17:52:25'),(69,30,20,2,'2012-12-18 02:27:53'),(70,62,74,2,'1991-12-31 16:47:55'),(71,95,59,1,'1985-11-25 13:04:50'),(72,92,4,1,'1971-02-14 09:46:18'),(73,45,69,0,'1988-03-28 03:27:54'),(74,82,1,1,'2015-11-22 08:52:59'),(75,77,64,1,'1991-01-21 05:53:54'),(76,33,34,1,'2010-04-19 23:46:26'),(77,96,89,0,'1987-07-31 20:54:39'),(78,59,97,1,'1985-11-27 04:58:13'),(79,54,14,2,'2008-03-02 13:19:33'),(80,60,56,1,'1991-09-03 15:16:30'),(81,20,70,2,'2004-02-15 07:23:26'),(82,99,71,0,'1997-10-23 19:40:23'),(83,96,92,1,'2013-02-11 03:04:35'),(84,6,44,0,'1979-06-10 18:02:37'),(86,68,25,0,'1984-09-03 13:36:31'),(87,9,97,0,'2011-05-30 05:34:01'),(88,41,37,1,'1984-03-08 15:41:13'),(89,20,0,0,'1976-03-01 09:16:56'),(90,34,26,1,'2001-02-01 18:55:14'),(91,43,12,1,'2018-02-21 09:14:44'),(92,47,92,0,'2012-07-28 14:50:29'),(93,79,60,2,'2004-03-15 06:15:19'),(94,84,1,1,'2013-12-16 07:29:56'),(95,13,87,1,'1998-04-07 19:40:22'),(96,11,29,0,'1989-03-21 19:37:17'),(97,8,92,0,'2003-03-22 17:14:23'),(98,61,51,1,'1995-09-05 16:43:06'),(99,73,36,1,'2007-04-06 09:07:01'),(100,52,74,2,'1974-02-14 16:38:56');
/*!40000 ALTER TABLE `likes` ENABLE KEYS */;
UNLOCK TABLES;

--
-- Table structure for table `media`
--

DROP TABLE IF EXISTS `media`;
/*!40101 SET @saved_cs_client     = @@character_set_client */;
/*!50503 SET character_set_client = utf8mb4 */;
CREATE TABLE `media` (
  `id` int(10) unsigned NOT NULL AUTO_INCREMENT,
  `media_type_id` int(10) unsigned NOT NULL,
  `user_id` int(10) unsigned NOT NULL,
  `filename` varchar(255) CHARACTER SET utf8 COLLATE utf8_unicode_ci NOT NULL,
  `size` int(11) NOT NULL,
  `metadata` longtext CHARACTER SET utf8mb4 COLLATE utf8mb4_bin,
  `created_at` datetime DEFAULT CURRENT_TIMESTAMP,
  `updated_at` datetime DEFAULT CURRENT_TIMESTAMP ON UPDATE CURRENT_TIMESTAMP,
  PRIMARY KEY (`id`)
) ENGINE=InnoDB AUTO_INCREMENT=101 DEFAULT CHARSET=utf8 COLLATE=utf8_unicode_ci;
/*!40101 SET character_set_client = @saved_cs_client */;

--
-- Dumping data for table `media`
--

LOCK TABLES `media` WRITE;
/*!40000 ALTER TABLE `media` DISABLE KEYS */;
INSERT INTO `media` VALUES (1,1,1,'/6676b6dd54cf4ec5b51dfac6bbbc5c69.jpg',50675,'5d012f1c-b413-3073-ac74-024c954a8d78','1983-03-04 14:32:16','1993-01-12 16:15:01'),(2,2,2,'/4d17b4cc80887c4bb19e374223fd581a.jpg',754,'5b65b5da-1fba-3616-a8b8-573ab54dc1e6','1992-02-10 21:28:05','2019-01-08 16:41:14'),(3,3,3,'/7ddcfb1a980cd8057547f9befd81ad41.jpg',58403,'073cf22d-2a55-3b2c-b3b6-2896fb52bff1','2008-02-25 06:49:28','1985-01-16 05:05:24'),(4,4,4,'/b7316c2c02bf4fa4b2ca1eb6a2487e2a.jpg',0,'d6966b6e-c160-3675-af36-e2716339eb28','1990-07-24 23:19:36','2008-02-07 21:22:15'),(5,5,5,'/e4b32a437329a55889eb71c568fe9d2b.jpg',19843,'c8142cb3-90d0-3143-b909-442eca697223','1976-11-15 19:49:39','1970-08-16 00:07:19'),(6,1,6,'/67fadf07fa7a7b1f2f8304f7307c0f6d.jpg',85339,'13468a4a-4f9d-3e9e-bbd0-1a951b883004','1974-09-24 08:29:10','1992-07-01 12:09:33'),(7,2,7,'/7eb2e7bbed32fe1356e835d7ef1cd84f.jpg',4,'0f9e8a7a-aaf4-3bfe-80d8-9d5f7d16b16a','1975-01-06 08:49:52','2004-05-17 00:22:36'),(8,3,8,'/ccb533b819cd061d00aa9da985c309eb.jpg',3316435,'139a7fb3-4c39-36d8-a4d3-be62cb253d62','1999-03-03 15:08:36','2000-07-19 04:24:02'),(9,4,9,'/8c69ba562c16a7939de89b9fc9173b5c.jpg',70497864,'b10c1727-4179-3212-ade7-6e5f230e73c7','2013-03-24 21:38:21','1988-09-27 19:33:10'),(10,5,10,'/16bfc93dc6b4574809ef78b7c2f8b1d3.jpg',60594396,'2ee4db89-f35a-30b8-baed-6b1167eb39b6','2012-03-21 19:28:26','1994-11-08 22:07:50'),(11,1,11,'/416a208eafe2aadf91215bdccc682e61.jpg',30,'2624b64a-c380-38b4-9520-19bfadfe43bf','2004-11-07 04:15:24','1995-04-11 06:11:53'),(12,2,12,'/476eaf8663df09742984f21a8af5439d.jpg',72,'33ffbc8a-6045-3282-942c-0f125d8d927b','2007-08-30 03:14:44','1985-03-30 02:37:09'),(13,3,13,'/2b8167243e76324a35acc7834f837f9d.jpg',52923062,'d32e7939-8eda-3ed9-8264-e7b469fd533c','2005-04-16 08:12:29','1995-01-03 00:57:05'),(14,4,14,'/bad8a95919b46c52846a157ce2c2a84c.jpg',671569,'11ae7c96-ec5c-3e51-b5c6-46d668ddf02c','1981-04-26 04:37:09','1998-10-25 16:27:03'),(15,5,15,'/10c76e305256b5d5bb072b712fa2ab6c.jpg',349395380,'b795705e-3fc8-3458-9104-164c318c96c0','1998-06-27 01:38:25','1998-05-29 23:21:21'),(16,1,16,'/cd7f910b4ce40818009642b6bf3492e4.jpg',4368,'f7924c28-90ab-3655-b5fa-0125feb66610','2012-06-07 22:02:56','2018-11-17 15:25:41'),(17,2,17,'/a22512071a9ec538c97a75cb189f8a88.jpg',55580,'80543f2e-ce5c-37e4-b2a9-49acf7dc8225','1986-10-27 08:55:12','2000-10-11 09:19:58'),(18,3,18,'/0804d76b5f9d9acc01a574d7e1ce8f1e.jpg',11927,'266a3622-a9a7-39b3-b6b8-09a1247a3d66','1992-02-02 21:54:26','1994-12-04 18:50:54'),(19,4,19,'/00fc6f7455edd194b3b06ef3d6674180.jpg',566,'b2cafd67-ebb2-3591-807a-9f511007fcc7','1973-07-05 11:27:13','2004-09-10 22:55:45'),(20,5,20,'/9637ed3ca9fb37c38dd8ac74b9149b66.jpg',8957704,'4956527e-dbc0-33b6-bd95-b025b5456c54','2007-07-27 01:48:22','2000-06-03 10:41:44'),(21,1,21,'/8a6d663e44fbb30ea33eb629f11f9b38.jpg',6396199,'60f259e4-ab9e-3f36-91da-8350290d7d82','1987-10-05 07:42:10','1996-02-04 12:06:48'),(22,2,22,'/5d60e2e54aa6e2a3f473f8bd3c72e96d.jpg',94883,'c7e84e7a-6f9f-321b-a84c-0878db7144bd','1987-08-29 11:15:32','1979-04-21 04:04:12'),(23,3,23,'/a6d85b011883f155ac542401c14a3410.jpg',12723,'fbd43455-8cc1-3423-8ec5-8bb3b9358b69','2004-03-03 07:02:47','2007-02-11 05:28:08'),(24,4,24,'/c5ba2510a5fc7a62d8f193db678f25ad.jpg',0,'167a7fd7-1fd1-36a9-8939-bb3c493e14c6','1971-02-14 12:23:26','2010-02-02 22:10:05'),(25,5,25,'/07c83e636d643befca080b79e02493d6.jpg',22265,'d6330900-f586-3474-b762-6b08e594e546','2001-12-04 18:01:31','1979-02-02 02:48:55'),(26,1,26,'/e7f07e68bab0d6fb0a21d6710810c29f.jpg',339824786,'3f7252f4-eb29-3c90-878f-c967f3fa483b','2005-02-09 08:24:43','2001-09-04 05:49:16'),(27,2,27,'/c2f02ac155a34396d2ae98a5d5256e2d.jpg',9,'45a52f9f-f921-3f47-a92f-9541d9385cf3','2010-03-29 22:25:44','1977-04-28 15:34:45'),(28,3,28,'/755f5a35ae5fbd11ce9b994d3e2985e0.jpg',2,'ed5d5483-2e28-38e4-8d4a-398dfc10f877','1971-01-22 04:20:25','2017-05-27 10:35:52'),(29,4,29,'/4d400c730338af04279136e6ef3f7fca.jpg',5,'91adbdc8-6e3a-3f16-a786-135709c4e33d','2000-09-27 19:23:54','1991-07-12 00:42:35'),(30,5,30,'/853e4edee2b0f9b926add34182d99a20.jpg',4,'3bc62a20-3c59-3ee2-86c0-f75e467dd8be','1992-01-02 01:33:36','1985-05-13 14:50:03'),(31,1,31,'/e07f5eba6d4498a2d4b913a1b736de3a.jpg',0,'3b1bfac6-bcd5-314a-a775-6a36fc307814','1990-03-28 09:31:11','1980-03-17 05:10:39'),(32,2,32,'/a3a8423de539036ddb90f02f95991276.jpg',5,'93a74655-9f47-3bc7-9379-5a09016d5e1d','2012-04-15 01:15:46','2001-07-13 19:04:55'),(33,3,33,'/08c6542d463f8a1c8c333e7dc0806c74.jpg',30963479,'745018e4-c082-372f-baa3-56ca94f448a8','1991-01-26 09:21:17','1977-12-09 20:30:04'),(34,4,34,'/531e66e1e84e5d6e4a82c270bc5f3944.jpg',524,'8558381b-4dfb-323b-b0af-68d7601e5938','2003-11-16 00:25:37','1986-01-27 01:08:13'),(35,5,35,'/1db4f22ed104d7b5fabebcb7cb1729f6.jpg',5,'c6f773bf-77ad-3a4c-a932-e0b005a994d1','1997-06-18 01:24:43','2007-10-08 18:08:47'),(36,1,36,'/73c1bb57957670a88bf8d105df1593fd.jpg',0,'29adecaf-9b80-32c7-a051-5cdbd1c3cb63','1996-05-20 13:44:47','1975-03-10 17:49:42'),(37,2,37,'/bb9b4348a3750c4207e127077c23d7c6.jpg',172942,'8491090b-2255-389f-9ca5-3a4b83d1dd7d','1971-11-10 10:33:37','2002-07-19 07:00:48'),(38,3,38,'/2c23d9576b4bdb122fb8ac98c7dfac1f.jpg',448713,'a285deca-ba61-30c5-b83e-c1e159030117','1977-12-15 19:27:19','1974-01-11 22:00:04'),(39,4,39,'/015a8c4288267adada782a318f144bd3.jpg',9355028,'bf201eff-9cae-3320-8886-001b33168bb5','2018-03-15 09:14:47','2002-06-15 06:00:26'),(40,5,40,'/12f9a65003c50b1c2761bf65e48b0c22.jpg',0,'8455e52e-e7ae-3443-beeb-34c37fac5797','2001-06-04 01:51:06','1994-07-21 19:07:44'),(41,1,41,'/1954f85d66082f29123627aeab824fbd.jpg',26886,'950fbd38-e4ea-3604-887d-f4ac846dd7dc','2012-03-13 13:39:53','2012-04-25 03:34:27'),(42,2,42,'/7d40163010bf9bb999c2d1e3bbb34cfb.jpg',729008,'b4b6a486-85bc-355b-a4df-ebacc85d47d5','1978-01-13 01:01:48','2017-10-18 17:07:52'),(43,3,43,'/7cbcef76901b52b652e29816430c396f.jpg',0,'1e2f3a39-21ea-3ca7-8ead-a170a3e46245','1979-09-06 13:42:46','1982-12-24 14:20:00'),(44,4,44,'/e9363a8f43bd082d962b5d06f5afb52d.jpg',0,'d34a0e2b-8f0a-3728-8ee1-dda2eb48903f','1987-09-13 20:15:24','1990-06-05 15:29:56'),(45,5,45,'/5e42e6d6c908870f723a6c2559114c68.jpg',81534,'fcbbdff7-9906-3ce1-8d8b-6db5874cee42','2012-09-08 12:44:02','2000-01-21 23:43:17'),(46,1,46,'/d8b8b47fdf6b8a573a06371119ae2f7a.jpg',0,'bc3d33b5-59ad-3777-b338-56baaf943866','2018-04-17 16:14:18','1988-07-18 14:31:48'),(47,2,47,'/102ab7feece61eab312652aca90a73f4.jpg',64,'8f6cb748-7a4d-3398-830f-ec7d8d1b45f5','1995-11-27 10:30:28','2011-12-07 08:04:51'),(48,3,48,'/8c63c6a74ebb5d949af9defa9454539d.jpg',218771,'9992a050-84b7-32a9-9bc5-94002d137e84','1999-03-10 04:51:12','2012-04-14 11:12:49'),(49,4,49,'/6179c6b461e41db35779aa9fa5246364.jpg',7068,'7371ae8b-47fd-3247-877d-02e560f70c5f','1977-04-09 01:59:02','1988-05-26 06:36:07'),(50,5,50,'/861484bd034140a7fb935079c349334d.jpg',57170,'c027a7ad-7785-366e-9da3-7f20d70db955','1993-08-06 12:50:53','1994-04-13 22:55:31'),(51,1,51,'/6de8c994fda655f7ac405db9ac9ba96e.jpg',90040,'1fa0b829-c0f2-3dce-a02a-f94e64152cef','2019-01-25 05:17:08','2005-10-14 11:04:24'),(52,2,52,'/8b4b6c7317833037b348e7a71a2ab8a9.jpg',0,'82fed157-c389-3487-b5dd-eb26e4eb7a38','1989-03-06 22:22:22','1999-08-10 07:26:02'),(53,3,53,'/ac1de8fbe29d5e90405a048ab1ee2a32.jpg',32,'09466e2c-0fb0-3f36-b7e4-f8bf97752b28','2011-09-19 14:59:23','1999-01-07 17:45:44'),(54,4,54,'/3eef0eeec46c542480b874f183973fa4.jpg',495585966,'0c754d02-84d6-381e-8c10-78286a65d2af','1988-07-03 23:33:02','1999-02-15 17:29:19'),(55,5,55,'/34e2d7b44af55eecab0393443990a553.jpg',554,'6421ecf3-7567-356d-b6cf-f5b4b721f670','1977-10-01 22:00:58','1979-06-15 21:44:39'),(56,1,56,'/7d8fd642493677b8e27c29d3410e97ea.jpg',22096216,'959a22dd-7e17-307b-951f-28dcf00b6373','1999-09-02 19:33:09','2012-12-20 00:54:27'),(57,2,57,'/9d445875aeb167e7bf92806315647271.jpg',45,'26922665-e7ce-3bee-9d22-2d8e6e0348dd','2009-08-18 02:10:45','1978-12-27 22:40:27'),(58,3,58,'/cf0038ec43a67ef93bb80c132aa4aee0.jpg',62254537,'3cf3326a-2b0b-390e-b45b-3d988c6d3966','2001-05-03 12:37:32','2019-01-26 19:28:51'),(59,4,59,'/f3e43e577f9989a4391d6eef8416ad96.jpg',5444675,'f4f55fbc-8fce-3272-a35b-2b69c6b08742','1984-04-18 13:07:02','2016-05-02 15:21:16'),(60,5,60,'/da8ba3c5799eb0fb28146da46748a1be.jpg',355336,'e3d449ef-5ced-378d-8363-cfd2741c89eb','2009-07-02 05:01:40','1983-01-06 22:41:29'),(61,1,61,'/7058f118f16238560de8df416559ad2a.jpg',5241769,'7372d881-2e09-3695-9445-6423b888e3af','2001-03-04 06:46:42','1988-10-25 00:29:42'),(62,2,62,'/83a0e72086e15828a6a73da037e33e83.jpg',571501,'8ea73447-e317-3afa-8798-d9bd41baafea','1978-10-06 11:05:25','2001-05-19 19:27:25'),(63,3,63,'/33d3675650f2ba622936a681de05b06f.jpg',178630718,'28c55a35-53e0-3eb2-9676-3a7b3ff0d070','2016-05-16 21:54:25','2004-02-28 05:54:50'),(64,4,64,'/4f9a0af34dc2f6e37869b9c9674569da.jpg',621764381,'06721bdb-b07d-39bd-b3a1-4934575f2a80','2009-04-25 17:57:05','2010-07-28 22:15:56'),(65,5,65,'/32419bede6b69987ae67e020ce5ad7e0.jpg',831,'72302753-6eaf-3093-8150-06a46e87e958','1978-07-16 11:17:33','1997-11-19 22:59:11'),(66,1,66,'/8f24edb94b96da52d2d46bf50a95fcf5.jpg',685770,'2f9bc8aa-1dbe-304f-93dd-b06cd703b405','1976-08-05 22:07:41','1971-10-16 01:44:11'),(67,2,67,'/757e8f66e6bb8a23fb318ab3049d319a.jpg',2144540,'2045e489-d501-378c-9fa9-229a377cdedf','2003-12-09 19:56:44','1978-11-20 16:14:09'),(68,3,68,'/0b71b6acd6e8779c0e1c692b66412232.jpg',6,'ccd69519-e076-3ccf-9243-76bc813ccd4c','2013-06-18 17:34:20','2016-01-06 03:02:17'),(69,4,69,'/e2ea22214261fb90f7b647cc62bb4021.jpg',2,'c8245170-e9c4-3fd0-a2d7-2f93c9253e43','1971-04-07 14:01:11','1992-06-01 13:19:28'),(70,5,70,'/278a3b1eea2654374172aa34936bb89e.jpg',53,'7a4a4822-5127-36e0-9fdc-4c76c9c03895','2008-03-26 20:05:03','2014-11-14 09:16:42'),(71,1,71,'/675c3d51ebfb4688ca7913b51460b826.jpg',963443,'b9800125-fa52-3093-b065-5d29e41c0471','2001-02-15 19:02:21','1983-02-23 21:50:58'),(72,2,72,'/a05aac0f0232e25dd0b93e958f458430.jpg',2513613,'ed7f2efd-a688-3c36-afa8-385b33315e85','1997-06-25 16:05:05','1976-07-31 14:30:34'),(73,3,73,'/d95480dce9f1726d6feea0546f5bde2e.jpg',90782,'d007be9c-124b-3e4d-bcd5-d6f58bd3c6a0','1979-05-07 01:27:38','2005-12-12 15:21:28'),(74,4,74,'/e8b5e57bde4dbcb23b5988e6927028e3.jpg',2,'35f3b22c-d62b-3fb0-940a-01404546e604','1971-02-04 02:31:05','1971-03-04 15:38:01'),(75,5,75,'/41ace60fb50f5699e98c5b21878d8af2.jpg',452,'8a9fa1a2-f51a-356b-ae98-b50e2adc7f63','1972-03-16 06:22:48','1994-11-15 11:51:36'),(76,1,76,'/78a4e7f440b9b97d8d67301131788fb3.jpg',0,'9035c206-285b-39ba-8404-e8dfbdf2e994','1997-12-29 00:08:35','1992-08-22 04:08:31'),(77,2,77,'/067d2fbc6a0a516d6cb5e8d9ba556f83.jpg',5225,'939d94b3-80c6-3558-84db-a1b8399b3cb3','1990-01-11 14:42:25','2001-04-02 03:28:03'),(78,3,78,'/4becbbd475703797a764562904ca5a75.jpg',73572470,'ba8c5da9-ba8d-3dd7-b56b-c8869329f774','1989-11-04 08:42:04','1982-01-09 17:46:00'),(79,4,79,'/8e4af18c0dd657b4570d6e8e8b3339cb.jpg',60136271,'4ba2e1c1-0420-36cb-a7f3-562bc2747706','1973-06-11 11:02:48','2004-03-29 10:47:12'),(80,5,80,'/833953f693a3340ebb9d74e90ce9801a.jpg',8,'04497a5b-66bc-3023-8912-cff7516842aa','1989-10-11 08:25:37','1992-08-10 06:19:48'),(81,1,81,'/c4e0f80bc97312621cfa24822e0d32f6.jpg',121075651,'8e7094c6-f9a8-3174-b0ae-8e6f6620430f','2003-04-29 22:27:48','1994-09-19 17:50:56'),(82,2,82,'/2f006694301d95e102eecee5e85f56e2.jpg',37419,'fcc49d76-6d5d-3fe0-82da-7f33ce5b39af','1980-01-22 15:02:53','1981-11-27 18:53:05'),(83,3,83,'/e191147abf868ff0d4e0bf7403fbdef8.jpg',8208,'bbc4825b-12d5-3770-a729-5d82f4888994','2019-07-25 01:45:09','1992-04-03 06:04:19'),(84,4,84,'/33357620fb84832779f942932310c8e1.jpg',39668534,'ab6422bf-9958-3ae6-8edc-c8ecaac7c33f','1998-01-21 18:04:03','1984-01-16 06:30:29'),(85,5,85,'/88ac09f45e8395db74d178a744e8e10c.jpg',79,'bff72238-aabd-3ffa-a9b7-1520b3e97aea','1970-04-18 16:15:36','1977-04-10 05:46:57'),(86,1,86,'/63b5dbcb300eaffbe3a165a88e62b02a.jpg',914034,'dc1bc10d-7b21-3e4a-9e1c-951299788d54','1980-10-28 19:17:09','1992-01-03 17:37:23'),(87,2,87,'/36f2c6005de2a5270c0bbdd0d762b732.jpg',570,'1b3362cc-15c7-3011-b8e7-00a8db41f280','2012-12-15 23:22:24','1997-02-14 02:28:06'),(88,3,88,'/5ea3160b799a66236de3e883f9c76f96.jpg',353,'865922f9-4de9-3593-a01f-db8753290826','1992-07-02 08:37:10','1976-07-05 15:40:59'),(89,4,89,'/fad052a5e6a49779a53ef35f6aa2f7ea.jpg',0,'d8d19359-e754-3e5a-a025-02330dae266a','1970-03-20 15:20:39','1973-08-14 19:30:18'),(90,5,90,'/0656240823bb7cb6fc5934f454a0d9aa.jpg',13775658,'4c82b8ec-ce0e-316a-9cec-01fb56b18c8c','1981-12-07 11:33:13','2004-02-20 07:27:10'),(91,1,91,'/0d938ad020a4c962fce320591751c658.jpg',86,'26705506-4de1-32da-bdf8-561ca2193a98','1996-11-17 21:26:31','1975-04-17 12:41:38'),(92,2,92,'/cb8b0a28a482cb5b9e11c27e207e8cbf.jpg',0,'09338227-fcd2-3cae-9fb9-c591f4bb9ff0','2016-01-13 09:41:04','1976-05-24 06:14:44'),(93,3,93,'/51e2a945a24e795961ad25767a7c35de.jpg',845648,'c9fe9580-9307-332a-838e-c5ca4bbca20b','1995-11-13 07:48:22','1988-10-04 13:44:34'),(94,4,94,'/50bbf3104c9c96c7248a2a0fe60170fd.jpg',76,'be16cf7a-71f7-39d1-aaac-40f4e805ee06','1989-06-26 04:30:27','2003-06-17 05:50:40'),(95,5,95,'/607a68ef74da0a2fe379f230b291799b.jpg',1004444,'1c26e90a-4ea3-3030-9cdd-26e6a60b46b9','1992-02-25 05:15:05','2000-07-26 20:32:59'),(96,1,96,'/4c4d7c53a9ff8c1af82aaa957b610337.jpg',2034,'8c88667d-71a2-382f-b5de-be972f4491a0','1996-01-14 15:04:32','1970-04-15 03:17:52'),(97,2,97,'/a67ace23990d6f423689c3237cf0a449.jpg',0,'b3f7127d-b639-365b-a473-f497431d2d89','1995-06-14 02:44:54','2012-05-21 08:36:55'),(98,3,98,'/8d215ddca1c6a9ec9d5638e791e5c0e1.jpg',46472,'421dadcf-8512-30b3-99b1-d09075c51c0f','1997-03-30 19:59:28','1977-01-13 12:53:20'),(99,4,99,'/280fe29b6f2b5a66c404383c036ec924.jpg',83897,'28d6346e-cb5c-3e43-99a0-54117cdeac92','2008-07-10 05:45:03','1992-12-01 19:59:21'),(100,5,100,'/5542b06f3796caa91cc862831e4800bc.jpg',54034925,'1e9b11d8-32f3-38c6-9d5d-3fc300040ada','1994-03-04 06:11:38','1978-07-18 22:16:19');
/*!40000 ALTER TABLE `media` ENABLE KEYS */;
UNLOCK TABLES;

--
-- Table structure for table `media_types`
--

DROP TABLE IF EXISTS `media_types`;
/*!40101 SET @saved_cs_client     = @@character_set_client */;
/*!50503 SET character_set_client = utf8mb4 */;
CREATE TABLE `media_types` (
  `id` int(10) unsigned NOT NULL AUTO_INCREMENT,
  `name` varchar(255) CHARACTER SET utf8 COLLATE utf8_unicode_ci NOT NULL,
  PRIMARY KEY (`id`),
  UNIQUE KEY `name` (`name`)
) ENGINE=InnoDB AUTO_INCREMENT=8 DEFAULT CHARSET=utf8 COLLATE=utf8_unicode_ci;
/*!40101 SET character_set_client = @saved_cs_client */;

--
-- Dumping data for table `media_types`
--

LOCK TABLES `media_types` WRITE;
/*!40000 ALTER TABLE `media_types` DISABLE KEYS */;
INSERT INTO `media_types` VALUES (1,'image'),(2,'message'),(3,'user');
/*!40000 ALTER TABLE `media_types` ENABLE KEYS */;
UNLOCK TABLES;

--
-- Table structure for table `messages`
--

DROP TABLE IF EXISTS `messages`;
/*!40101 SET @saved_cs_client     = @@character_set_client */;
/*!50503 SET character_set_client = utf8mb4 */;
CREATE TABLE `messages` (
  `from_user_id` int(10) unsigned NOT NULL,
  `to_user_id` int(10) unsigned NOT NULL,
  `body` text CHARACTER SET utf8 COLLATE utf8_unicode_ci NOT NULL,
  `important` tinyint(1) DEFAULT NULL,
  `delivered` tinyint(1) DEFAULT NULL,
  `created_at` datetime NOT NULL DEFAULT CURRENT_TIMESTAMP,
  PRIMARY KEY (`from_user_id`,`created_at`)
) ENGINE=InnoDB DEFAULT CHARSET=utf8 COLLATE=utf8_unicode_ci;
/*!40101 SET character_set_client = @saved_cs_client */;

--
-- Dumping data for table `messages`
--

LOCK TABLES `messages` WRITE;
/*!40000 ALTER TABLE `messages` DISABLE KEYS */;
INSERT INTO `messages` VALUES (0,98,'Dolor illum aut sequi praesentium quae. Quisquam mollitia et at architecto vel rerum similique. Aut qui ut autem. Consequatur nihil placeat corporis deleniti eligendi omnis excepturi.',1,0,'1997-12-19 09:13:52'),(1,38,'Dolorum unde porro ducimus reprehenderit labore autem magni. Officiis voluptatem dolorum natus veniam. Et voluptate qui repellat iure.',1,1,'1986-12-27 05:47:18'),(1,23,'Porro quia et nobis nisi sed qui blanditiis. Animi ut quis ut voluptate rerum. Autem quae et itaque.',0,0,'2006-11-10 12:48:37'),(1,23,'melabl',1,1,'2019-09-03 08:20:53'),(2,77,'Nemo veniam cupiditate pariatur consequuntur illum. Ut in natus perferendis quia esse. Consequatur itaque aut perspiciatis blanditiis delectus labore.',0,0,'1984-03-08 13:25:59'),(3,47,'Maxime nisi dolores itaque quidem. Aliquid ea et quo quibusdam aut sed ut. Culpa rerum voluptates rerum iusto unde.',1,1,'1984-09-01 01:08:57'),(4,99,'Qui ea cumque quaerat. Omnis excepturi nesciunt velit et sunt ut et. Cumque officia et doloremque laboriosam sed ut. Illum debitis nihil voluptas est laboriosam praesentium perspiciatis.',0,0,'1972-01-17 08:32:57'),(4,39,'Repudiandae dolorem eligendi voluptate et et veritatis. Molestias et ut accusamus dolores. Voluptatem rem voluptatum iure voluptate earum. Ea aliquam iure quo aspernatur et autem iste.',1,1,'2002-01-26 04:18:04'),(4,39,'Illum delectus praesentium mollitia eligendi. Voluptatem sapiente quo distinctio a. Velit molestiae debitis ratione voluptatem neque. Aut eum consequuntur eligendi laudantium aut et est.',0,1,'2003-08-20 04:24:23'),(5,85,'Eos sed labore quae iure quia praesentium illum. Atque sit impedit mollitia autem ipsum praesentium. Qui officia exercitationem est sit natus blanditiis. Non consectetur minus cum nulla est omnis.',1,1,'1970-03-29 13:33:46'),(6,24,'Qui asperiores corrupti impedit hic velit aut blanditiis. Facere et eveniet et amet error id veniam. Deserunt atque est doloribus porro mollitia quisquam. Perspiciatis ratione repellat mollitia animi.',0,0,'1972-04-13 22:45:52'),(7,50,'Dolor tenetur ab aut nostrum. Porro dolore ab autem necessitatibus dolorem voluptas id soluta. Illum omnis eum quam iusto.',0,1,'2015-07-16 07:23:11'),(9,12,'Velit voluptas aut vitae quas ut temporibus quasi autem. Porro blanditiis asperiores quia libero et possimus. Adipisci molestiae aut ad corporis esse.',1,1,'1974-01-22 22:22:40'),(9,82,'Sed ut tempore aut laboriosam. Aut consequatur mollitia libero. Fugiat voluptas aut eveniet voluptas aut repellendus placeat.',1,0,'1980-12-30 00:42:51'),(9,56,'Ullam nam aut accusantium necessitatibus beatae. Debitis aut dolores excepturi omnis excepturi non sint. Autem aut ex aut voluptas consequatur sint delectus eaque.',1,1,'2005-03-20 11:21:50'),(11,91,'Et expedita vel ut sunt maiores sint vero iure. Eveniet sequi sed consequatur est. Vel deleniti temporibus et. Quos beatae voluptates aspernatur aliquam repellat non fugit sequi.',1,1,'1995-03-25 04:06:53'),(15,31,'Deleniti sit non error minima ea eveniet. Iure sunt dolore nisi modi. Et placeat temporibus ipsam hic et totam fuga. Ad reiciendis nulla quasi eligendi aut harum deserunt. Odio unde et quia qui.',0,1,'1995-11-18 03:33:41'),(17,55,'Eos amet illum cumque repellat quis eum voluptatibus. Fugit consectetur eligendi maiores ut dolore. Explicabo aliquid veniam facere esse velit omnis.',0,1,'2009-12-03 15:15:55'),(17,29,'Earum iste autem voluptatem expedita. Ut reiciendis voluptas reiciendis id. Assumenda recusandae sequi itaque inventore aut unde. In voluptatem consequuntur voluptas blanditiis.',1,0,'2019-05-13 11:22:37'),(21,100,'Consequatur sit et corrupti. Odit aliquid quo doloribus quo. Nihil enim corporis sint magni magnam labore aliquam. Recusandae veniam quo vel.',1,0,'1981-05-28 09:27:24'),(23,13,'Voluptate quo consequatur sunt est cupiditate. Ea aut autem illo repellendus eos sapiente. Eum ab hic sint doloremque cupiditate.',0,0,'1996-07-16 07:57:53'),(23,1,'blablabla',1,1,'2019-09-03 08:17:31'),(23,1,'blablabla222',1,1,'2019-09-03 08:17:36'),(24,79,'Non blanditiis maiores cum. Sint quaerat illo et suscipit aperiam in. Distinctio exercitationem veniam ut aut eum quaerat. Labore sed distinctio illum dicta voluptatibus dolores.',0,0,'1994-09-16 16:17:37'),(28,21,'Officiis et aut odio praesentium ut maiores. Non rerum rerum recusandae. Ab officiis est dolore ex. Enim ea rerum accusamus nam perferendis illo.',1,0,'1983-09-11 15:45:08'),(28,69,'Reiciendis doloribus placeat autem eaque eum qui delectus. Ut ea aliquid autem dolores. Et non commodi est commodi in. Id quia quasi inventore.',1,1,'1988-11-24 13:27:17'),(29,95,'Natus eum ratione aperiam enim. Eos exercitationem corporis doloremque id aut tenetur. Architecto illo quisquam repellat ad consectetur temporibus similique. Omnis molestiae id eum rerum dolorem.',0,0,'1989-01-06 10:26:23'),(29,72,'Expedita adipisci fuga itaque. Enim repellat dicta consequatur veniam deleniti velit autem. Accusamus ab sit odio eligendi.',1,0,'1997-06-27 21:20:58'),(30,15,'Quibusdam blanditiis repudiandae sint ex unde reiciendis. Sit consectetur et occaecati aut doloremque qui et. Dicta ad adipisci sit dolor non accusantium. Libero molestias quidem delectus.',1,1,'2009-04-13 23:58:35'),(32,63,'Quod error rerum corporis repudiandae quae molestiae. Fuga enim consectetur inventore. Et hic consequatur sed id non.',0,0,'2004-07-10 15:09:01'),(33,20,'Voluptas fugiat non omnis cum voluptas delectus fugiat quo. Consectetur mollitia reprehenderit doloribus neque accusamus quas sit.',0,1,'2000-04-12 21:11:36'),(33,74,'Numquam inventore rerum ut occaecati quas aut similique. Nihil soluta voluptas velit magnam quibusdam. Ex numquam est aspernatur odit aut distinctio aut.',1,1,'2001-12-01 16:40:07'),(34,20,'A ea et voluptas cum tempore nobis quam. Omnis accusamus eligendi id exercitationem. Esse placeat exercitationem omnis dolor ducimus. Enim veritatis non mollitia.',1,0,'2010-10-15 16:47:31'),(35,66,'Dolor repellendus quas et ea vel quos corrupti labore. Est non eligendi in cupiditate neque repudiandae nemo. Aut occaecati nobis placeat porro ullam aspernatur rerum.',0,0,'1985-01-11 12:55:43'),(35,19,'Cum consectetur incidunt deleniti quaerat quidem molestiae ut. Voluptatum commodi ea qui perspiciatis optio aut non.',1,0,'2015-01-16 10:04:29'),(39,49,'Sunt qui officiis quis quasi perspiciatis suscipit. Nihil et eos non animi adipisci ut. Quas consectetur est sapiente qui asperiores est.',0,1,'1999-04-25 18:35:26'),(39,33,'Voluptas hic quae rerum itaque rerum odio numquam. Enim porro est dolor dolorem ipsa exercitationem quod. Iste aliquam aut laborum sit distinctio omnis.',1,0,'2017-12-06 02:04:59'),(41,48,'Qui libero sequi magnam quos ipsa culpa. Id est vel et architecto commodi. Omnis architecto saepe quo est asperiores ut minima excepturi.',0,0,'2010-03-22 22:56:53'),(41,31,'Repellat laborum temporibus quasi ipsa sed. Assumenda veniam et architecto minima ad et veniam. Officiis hic labore sunt consequatur et debitis corporis.',0,1,'2019-04-06 00:10:27'),(42,11,'Doloribus est rerum autem quia dolorem. Fugiat porro eaque ut sit dolorem quibusdam rerum. At rerum mollitia dolores totam dolor non. Hic tempora et consequatur cumque expedita.',1,0,'1987-12-26 08:40:28'),(42,21,'In at incidunt ullam maiores eaque deserunt unde. Dolorem ut animi praesentium nostrum. A distinctio delectus in corrupti ducimus et occaecati.',0,1,'1988-05-29 08:21:34'),(43,24,'Sunt quia repellendus porro officia sunt molestiae doloribus. Non architecto nam nobis sunt. Optio nisi repellat incidunt.',1,1,'2009-03-02 14:51:10'),(44,33,'Accusantium doloribus saepe accusamus omnis sint ullam laborum aliquid. Autem reiciendis architecto sint reprehenderit aliquid expedita dolorem. Velit dolor illo incidunt laboriosam deleniti. Consequatur omnis maiores repellat sequi aliquam.',0,0,'2009-12-14 19:28:39'),(46,80,'Totam autem veniam laboriosam quas voluptas. Dolorem atque et cum quam veniam recusandae dolorem. Ut eum praesentium enim est. Consequatur est dolor ut sit ad et temporibus.',1,1,'1972-07-03 00:40:47'),(46,18,'Odio in impedit iste. Non ipsam repellat natus eaque. Omnis est ipsam esse deleniti ut magni vitae. Perspiciatis modi non ipsum debitis tempore aut. Laborum quaerat in quia et molestiae quidem explicabo.',0,1,'1981-06-30 06:35:12'),(47,71,'Dolorem autem sunt illo nobis quae. Minima accusamus vero sit ipsa dolorem. Cum vero explicabo quas quisquam accusamus. Nihil repellendus perspiciatis perspiciatis.',1,0,'2016-11-30 15:06:43'),(48,24,'Et autem deserunt enim at. Iure corporis officia id consequuntur et doloremque qui delectus. Consectetur sunt et eaque corrupti commodi omnis.',1,1,'1974-04-28 01:19:29'),(50,35,'In sapiente magni ea nobis similique. Quod est accusamus voluptas molestias. Vel aliquid dolores distinctio ut quae ducimus. Accusantium quod sed eligendi consequatur hic.',1,0,'1981-02-01 13:13:00'),(50,1,'labl',1,1,'2019-09-03 08:17:53'),(51,19,'Delectus consequuntur rerum voluptatibus. Sapiente tempora delectus adipisci corporis aut occaecati. Fugiat in adipisci placeat. Eos in eum a.',0,0,'1991-06-13 05:35:16'),(52,40,'Fugit est facere natus et nesciunt. Similique qui explicabo ut autem odio totam ad ipsa. Et adipisci quo amet dolores a.',1,0,'1983-10-29 23:50:18'),(53,88,'Libero nam doloremque qui quibusdam corrupti. Sed non ullam fugiat mollitia ducimus. Minima vitae totam veritatis. Animi praesentium nostrum veniam accusamus sequi enim quidem.',0,1,'2005-01-26 21:15:33'),(53,74,'Animi accusamus mollitia vitae ea et repellat. Enim aut libero sit placeat velit earum sed. Vel ut eum rerum enim inventore quaerat aliquam.',0,1,'2013-03-30 03:18:37'),(54,45,'Qui eos perferendis modi ut id quo. Necessitatibus sint aliquam laborum aliquam voluptate quia. Quasi excepturi neque necessitatibus quibusdam consequatur facilis.',0,0,'1990-04-03 07:53:44'),(54,80,'Aperiam nam explicabo officia qui aut ducimus sunt. Exercitationem eligendi sunt voluptatem quia deserunt tempore assumenda. Voluptatem molestiae non eligendi suscipit.',1,1,'1995-06-20 17:50:20'),(55,27,'Ea aspernatur perferendis qui consequuntur ut architecto. Numquam qui ad sit aspernatur temporibus quia.',1,0,'1977-04-26 08:08:16'),(56,32,'Voluptatem accusantium non debitis iusto dicta. Aut libero molestiae inventore eaque. Ex natus corporis est ut.',0,1,'2007-06-18 16:30:48'),(56,9,'Dolor fuga inventore dolorem placeat suscipit nobis. Deserunt vitae illum eligendi. Non molestiae numquam quia veritatis.',0,0,'2019-01-26 15:20:27'),(57,6,'Dolore repellendus facilis consectetur numquam et rerum nam. A sapiente placeat id labore voluptatum. Quia dolorem architecto quis illum animi dolor officia repudiandae. Omnis fugit hic molestiae doloremque est architecto.',1,0,'2018-11-22 06:40:29'),(58,8,'Necessitatibus minus et veniam molestiae quo. Cumque commodi magnam non reprehenderit harum excepturi. Sapiente qui dolor qui repudiandae. Non et quibusdam eaque sunt.',1,0,'1980-01-11 13:34:08'),(58,16,'Enim ut aliquid eum qui. Doloremque eligendi impedit autem ut voluptatem aut occaecati libero. Pariatur voluptas ea laborum dicta distinctio et eius.',1,1,'2001-01-04 18:21:28'),(59,18,'Est molestiae quibusdam laboriosam inventore facere ut voluptatum. Veniam consequatur quis ex at ut autem et. Consequatur officia fugiat provident quis ullam reprehenderit facilis quaerat.',0,1,'2017-09-20 16:48:26'),(62,88,'Ea quos ut fuga dolores repudiandae dignissimos consequatur. Laudantium nostrum minima mollitia placeat laudantium temporibus vel. At perferendis odit consequatur architecto corrupti ipsa porro. Delectus vitae magni enim rerum qui eum.',0,1,'1972-03-18 17:18:27'),(64,94,'Accusamus magnam dolorem itaque. Perspiciatis architecto eos quia pariatur odio. Eligendi sint qui et omnis id et reprehenderit. Veritatis ut accusamus consectetur sunt aliquid delectus aut impedit.',0,1,'1988-07-15 01:55:23'),(66,60,'In odio non sed temporibus voluptas. Distinctio rerum repudiandae exercitationem voluptatibus sed voluptate laboriosam voluptatum.',1,0,'2002-10-10 04:13:01'),(67,81,'Similique aut quis veritatis quia. Ipsum nam magni fugit totam quae maiores. Sequi minus ipsa laboriosam et eveniet.',1,1,'1997-07-13 20:12:47'),(67,4,'Harum exercitationem animi accusantium quasi. Est voluptatum culpa rerum.',0,0,'2004-06-12 14:59:55'),(70,6,'Inventore molestiae perspiciatis sed numquam iure molestiae voluptas. Quo at quo doloremque iste temporibus dolor.',1,1,'2014-06-29 15:30:47'),(72,64,'Doloribus distinctio voluptates aut neque sit qui. Omnis accusantium aut animi veritatis rerum. Eum iure et et.',0,0,'1972-09-02 11:48:40'),(72,90,'Fugiat quod sequi sequi est aliquid et et voluptatem. Aut tenetur illum voluptatibus commodi consectetur quos.',1,1,'2002-03-24 06:02:37'),(73,2,'Atque fuga totam aut consequatur quae veniam voluptas. Voluptatibus dolorum eligendi et expedita. Sint harum sit dolorem fugiat.',0,0,'1994-01-27 04:54:59'),(74,92,'Et at quae ratione quidem sint at. Et necessitatibus quia nulla magni odit voluptatem magni. Soluta velit voluptatem rerum.',0,0,'2019-05-09 20:20:33'),(76,70,'Illo fugiat modi enim tenetur numquam numquam quam repellat. Similique est unde eum et voluptates tenetur nesciunt. Qui vero ducimus ad ab. Aperiam culpa aut harum.',1,0,'1970-12-28 18:01:17'),(76,58,'Corporis consequatur eaque doloremque voluptas autem cum mollitia. Non quam explicabo est iusto in est. Enim temporibus vero dolorem consequuntur.',0,0,'1992-01-28 15:41:00'),(77,82,'Ad facere voluptatem consequatur provident vel sed temporibus. Officia et voluptas earum quos repudiandae vel dicta. Autem amet qui commodi temporibus explicabo vitae magnam.',1,0,'2000-11-27 20:07:26'),(79,56,'Porro unde illo nisi aut expedita alias magni. Maxime aperiam possimus dolorem velit commodi corporis. Ut inventore vel dolor velit.',1,0,'1979-06-06 04:14:55'),(79,5,'Debitis inventore eum aut sed perspiciatis. Libero possimus sed provident minima. Est adipisci deleniti sit rerum quam quos. Qui nihil est autem quibusdam ut quo in recusandae.',1,0,'1990-09-06 04:09:42'),(79,24,'Amet dolorem deleniti qui eaque sit ipsa recusandae vel. Dignissimos corrupti facere ut rem voluptas voluptates. Quia et enim quod sapiente quis officiis eos.',0,0,'1997-08-20 18:18:54'),(79,67,'Qui nihil et provident accusamus maiores aut. Nulla quo distinctio explicabo et cum aspernatur. Non temporibus temporibus iusto atque ullam reiciendis. Sed in laudantium rerum officiis praesentium sed amet eveniet. Incidunt laboriosam quae nulla eos repellendus exercitationem omnis numquam.',1,1,'2002-07-31 08:36:53'),(79,59,'Provident dignissimos assumenda vel necessitatibus est. Saepe autem aliquid quod aut. Velit qui quos rerum est vero quas.',0,0,'2013-11-04 01:19:38'),(81,3,'Ad inventore vero numquam velit. Non facere atque in dolorem asperiores. Vel et ut voluptates culpa natus.',0,0,'2001-11-08 05:12:59'),(82,16,'Mollitia placeat et molestiae est aut odio ducimus tenetur. Alias possimus quis repudiandae quia odit. Molestiae dolorem cum hic ab possimus. Sit assumenda laudantium cumque accusantium ipsum.',1,1,'1986-05-31 19:31:29'),(84,32,'Excepturi sint omnis voluptatem ipsa atque aut corrupti. Placeat voluptatem dolorem fuga et minima. Veritatis porro sit architecto vero.',1,1,'1986-07-19 04:37:29'),(84,85,'Consequatur sequi quaerat esse doloremque quibusdam dolores molestiae ducimus. Praesentium non quia impedit. Ratione laudantium et neque explicabo veniam sit sunt. Voluptatum et tenetur magni quia quaerat rerum excepturi. Impedit harum cumque laboriosam enim eos quis.',0,1,'2013-04-21 09:53:03'),(85,32,'Quasi et ad aliquid praesentium reprehenderit fugiat. Voluptas repellendus sint enim vel enim perspiciatis. Nobis fugit fugiat consequuntur neque ut quas.',1,1,'1975-08-23 16:48:24'),(87,30,'Cupiditate commodi consequuntur aperiam totam ad est sit. Minima saepe est dicta rem repellat. Atque et exercitationem et perspiciatis consequuntur officiis rem. Reiciendis maxime quidem atque a.',0,1,'1988-08-24 14:04:06'),(87,94,'Laborum quam sit aliquid alias sed. Ducimus corrupti quia dolores voluptatum recusandae. Repellat eligendi nisi atque dignissimos consectetur ut enim repudiandae.',0,1,'2008-01-05 07:05:15'),(89,85,'Maxime consequatur eius tempore sit sint rerum. Labore alias possimus recusandae voluptatum praesentium asperiores quos ea. Quia officia illum et quia praesentium voluptates est. Culpa expedita error vel et.',0,1,'1979-02-22 00:04:39'),(90,4,'Commodi et eos sed aliquid quod. Eligendi ipsam officia atque aliquam illo.',0,0,'2002-11-06 06:43:07'),(90,93,'Tempore in est veniam tempore et vel quisquam. Hic aut iure minima voluptas aut illum. Temporibus inventore sunt aut sint quam nihil voluptatem animi.',1,0,'2012-06-12 19:35:52'),(91,59,'Ut delectus recusandae ratione velit non soluta. Libero sed occaecati voluptas dolores eos repellendus. Minus id et qui est.',0,0,'1985-10-19 22:18:28'),(91,36,'Placeat vel voluptates laudantium omnis. Eveniet sed praesentium ut dolorem minima provident excepturi.',1,1,'2006-06-13 08:37:11'),(93,60,'Quasi quo culpa ab consequatur et deleniti magnam nam. Sunt illo dolorem aperiam omnis ducimus aliquid animi reiciendis. Non optio facilis ad voluptate exercitationem eveniet eveniet. Et quae consequatur laborum sit illum dolor eos. Qui quisquam magni quibusdam vel explicabo ut.',1,0,'1984-05-30 02:28:00'),(93,47,'Officia itaque consequatur non et tenetur. Est minima est molestias cum adipisci quia. Qui quod fugiat molestiae et dolorem optio cumque. Omnis voluptas harum repellendus voluptas sed.',0,1,'1998-11-21 12:30:05'),(94,90,'Nulla sed ut sint est occaecati. Ipsam vitae atque similique. Cupiditate sed ipsum officiis aut.',1,0,'1993-01-12 16:37:46'),(94,89,'Blanditiis nobis eos qui modi cupiditate sit perferendis voluptatum. Sint quod doloribus quos aut ducimus aliquam at.',1,1,'2010-11-04 13:45:11'),(95,74,'Eos suscipit omnis rerum quaerat dolores eius delectus consequuntur. Nulla necessitatibus nobis temporibus consequatur iste sit repudiandae. Sapiente quasi illo numquam fugit magnam aut et.',0,1,'1973-03-04 12:13:19'),(97,75,'Sint non corporis similique ea laborum. Nisi quidem ut est repellat. Ut cum distinctio vero iusto dolore rem nesciunt.',0,0,'2014-08-31 19:37:49'),(98,86,'Odit assumenda aspernatur aut. Est impedit quaerat minus illo. Reprehenderit eos et quae sit eaque. Qui et laudantium quia dolor atque ipsa id.',0,0,'1978-12-19 09:48:07'),(99,20,'Suscipit voluptate vitae nostrum omnis et voluptatum optio qui. Dolores amet quis delectus blanditiis non. Rerum quas pariatur omnis quibusdam velit. Quasi atque aperiam ut eos est.',1,1,'1998-11-17 20:16:34'),(99,25,'Excepturi iste commodi occaecati odit voluptatem. Repellat nihil mollitia deleniti fuga.',0,0,'2000-03-14 10:57:46'),(100,78,'Aut incidunt amet perspiciatis quibusdam. Unde incidunt ut consequatur itaque quia ipsam placeat. Minus nam ullam consequatur porro maiores enim.',1,0,'1977-04-23 01:42:55'),(100,97,'Aspernatur explicabo animi architecto dolor neque quia. Distinctio consequatur minima voluptatum velit distinctio in est. Consequatur numquam voluptatem quia pariatur. Natus temporibus voluptate blanditiis repellat rerum eos laboriosam.',0,0,'1982-05-02 07:58:10'),(100,47,'Totam ab alias fuga velit doloribus sint ab. Est quo dolores ea.',0,0,'2017-12-24 05:05:36');
/*!40000 ALTER TABLE `messages` ENABLE KEYS */;
UNLOCK TABLES;

--
-- Table structure for table `profiles`
--

DROP TABLE IF EXISTS `profiles`;
/*!40101 SET @saved_cs_client     = @@character_set_client */;
/*!50503 SET character_set_client = utf8mb4 */;
CREATE TABLE `profiles` (
  `user_id` int(10) unsigned NOT NULL,
  `sex` char(1) CHARACTER SET utf8 COLLATE utf8_unicode_ci NOT NULL,
  `birthday` date DEFAULT NULL,
  `hometown` varchar(100) CHARACTER SET utf8 COLLATE utf8_unicode_ci DEFAULT NULL,
  `photo_id` int(10) unsigned NOT NULL,
  PRIMARY KEY (`user_id`)
) ENGINE=InnoDB DEFAULT CHARSET=utf8 COLLATE=utf8_unicode_ci;
/*!40101 SET character_set_client = @saved_cs_client */;

--
-- Dumping data for table `profiles`
--

LOCK TABLES `profiles` WRITE;
/*!40000 ALTER TABLE `profiles` DISABLE KEYS */;
INSERT INTO `profiles` VALUES (1,'f','1992-09-30','Billbury',6),(2,'f','1979-04-13','Schroederside',7),(3,'f','1995-12-29','North Myriam',20),(4,'f','2013-07-04','Camronhaven',98),(5,'m','2018-12-16','North Audrashire',2),(6,'m','2018-05-07','North Cordelia',14),(7,'m','2012-03-19','Labadieton',32),(8,'f','1988-03-07','Lavernamouth',21),(9,'m','2007-08-31','Westfort',95),(10,'m','1987-10-10','Lake Karianneburgh',25),(11,'f','2001-03-22','Braedenton',82),(12,'m','2015-01-07','Demetriushaven',59),(13,'m','1972-05-29','New Luluton',34),(14,'f','1988-03-28','Lake Madisyn',30),(15,'f','1977-02-06','West Ima',85),(16,'f','2008-04-06','West Abrahambury',39),(17,'m','2007-06-27','Gerlachland',58),(18,'m','2001-10-09','Elnorastad',38),(19,'m','1987-12-03','Vidaland',11),(20,'f','1995-03-05','Craigton',44),(21,'m','1996-10-25','East Michelle',12),(22,'m','2005-04-01','Lake Fionashire',84),(23,'m','2000-09-30','East Clintonton',77),(24,'m','2004-07-17','Wilberttown',33),(25,'f','2015-07-08','Stromanton',50),(26,'m','2006-06-22','O\'Connerfort',70),(27,'f','2004-11-16','North Titus',94),(28,'m','1993-11-08','New Amirafort',96),(29,'m','2010-05-28','Nickolasborough',55),(30,'m','1988-04-23','North Dextertown',99),(31,'f','2019-01-21','Keelingville',61),(32,'f','1996-11-17','New Maryville',29),(33,'f','1982-08-13','Timothyport',5),(34,'m','1991-09-01','East Petrafurt',48),(35,'f','2017-03-28','Hellerville',75),(36,'f','1972-11-08','Lake Nelsville',73),(37,'m','1988-02-09','Jarrellland',81),(38,'m','2013-08-15','New Augustus',63),(39,'m','1975-12-29','Feeneytown',91),(40,'f','2010-03-03','East Linnea',90),(41,'f','2001-06-11','Kreigerhaven',3),(42,'f','2011-01-26','Lake Stanfordmouth',47),(43,'f','1970-07-24','Reillyberg',53),(44,'m','1977-05-27','Pacochaberg',69),(45,'f','1996-02-15','North Austyn',65),(46,'f','2009-01-06','Brakusland',41),(47,'f','1975-04-24','Port Marianeberg',40),(48,'m','1987-11-17','Kristown',15),(49,'m','1992-02-20','Boyleview',57),(50,'f','2013-05-28','Eriktown',9),(51,'m','1986-11-16','New Karenshire',10),(52,'f','1993-12-10','East Ines',88),(53,'m','1977-08-17','Sunnyville',51),(54,'m','1982-09-16','Lake Evans',78),(55,'m','1990-12-17','Dickiton',1),(56,'f','1982-04-13','South Sabrina',31),(57,'f','2003-01-27','Lake Colten',80),(58,'m','1990-06-09','East Bradford',86),(59,'f','2012-12-31','East Elliottport',52),(60,'f','1994-05-07','Rogahnstad',36),(61,'f','1996-07-07','Schmelerchester',0),(62,'m','1983-09-29','Autumnstad',45),(63,'f','2014-02-02','Kutchfurt',43),(64,'m','2004-08-30','Hettingerchester',66),(65,'f','1988-09-10','Lake Alphonso',24),(66,'f','1993-10-03','Lake Allyside',93),(67,'m','2004-05-08','VonRuedenburgh',16),(68,'m','2005-12-31','Gottliebstad',35),(69,'m','2003-03-20','Kunzeside',46),(70,'m','2014-09-27','Brendaberg',18),(71,'m','1995-07-13','Brakusbury',76),(72,'f','1977-04-02','New Marcelina',56),(73,'f','2002-11-18','West Katrina',67),(74,'f','1982-03-13','Tobyside',22),(75,'f','1986-12-16','Cleoraside',97),(76,'f','1986-06-13','Zellaport',37),(77,'f','1998-07-30','East Scottiebury',49),(78,'f','1986-02-10','North Logan',87),(79,'m','1994-03-18','Port Raina',92),(80,'f','1998-07-21','Jefferyhaven',13),(81,'f','1976-08-15','Port Carolinaberg',60),(82,'m','2015-09-07','West Arlieville',68),(83,'m','2019-05-13','Goldnerburgh',89),(84,'m','1972-04-15','East Alford',23),(85,'f','1976-02-13','Spencermouth',74),(86,'m','2017-02-26','West Tyrique',28),(87,'m','1970-02-09','East Noah',72),(88,'f','2000-08-24','Port Itzel',64),(89,'m','1987-10-20','North Maxine',27),(90,'m','2012-03-14','Lake Darien',26),(91,'m','1991-02-12','Kalebhaven',71),(92,'m','2008-01-25','New Albin',83),(93,'m','2014-12-14','Ryanview',19),(94,'m','1984-06-23','West Sonya',62),(95,'f','1983-06-07','West Bertram',17),(96,'m','1984-04-23','North Carolyn',79),(97,'m','1978-10-29','Lamarberg',42),(98,'m','1976-11-23','East Breannefort',4),(99,'f','1982-03-03','Reynoldsport',8),(100,'m','2019-03-12','Sydneymouth',54);
/*!40000 ALTER TABLE `profiles` ENABLE KEYS */;
UNLOCK TABLES;

--
-- Table structure for table `users`
--

DROP TABLE IF EXISTS `users`;
/*!40101 SET @saved_cs_client     = @@character_set_client */;
/*!50503 SET character_set_client = utf8mb4 */;
CREATE TABLE `users` (
  `id` int(10) unsigned NOT NULL AUTO_INCREMENT,
  `firstname` varchar(100) CHARACTER SET utf8 COLLATE utf8_unicode_ci NOT NULL,
  `lastname` varchar(100) CHARACTER SET utf8 COLLATE utf8_unicode_ci NOT NULL,
  `email` varchar(120) CHARACTER SET utf8 COLLATE utf8_unicode_ci NOT NULL,
  `phone` varchar(120) CHARACTER SET utf8 COLLATE utf8_unicode_ci NOT NULL,
  `created_at` datetime DEFAULT CURRENT_TIMESTAMP,
  `updated_at` datetime DEFAULT CURRENT_TIMESTAMP ON UPDATE CURRENT_TIMESTAMP,
  PRIMARY KEY (`id`),
  UNIQUE KEY `email` (`email`),
  UNIQUE KEY `phone` (`phone`)
) ENGINE=InnoDB AUTO_INCREMENT=101 DEFAULT CHARSET=utf8 COLLATE=utf8_unicode_ci;
/*!40101 SET character_set_client = @saved_cs_client */;

--
-- Dumping data for table `users`
--

LOCK TABLES `users` WRITE;
/*!40000 ALTER TABLE `users` DISABLE KEYS */;
INSERT INTO `users` VALUES (1,'Dorothy','Grady','bins.cara@example.net','345-618-6228','2019-08-23 10:03:15','2019-08-23 10:03:15'),(2,'Keon','Rogahn','leola.greenholt@example.org','388-901-6121x87254','2019-08-23 10:03:15','2019-08-23 10:03:15'),(3,'Yasmeen','Smitham','percival02@example.com','(392)907-2525x299','2019-08-23 10:03:15','2019-08-23 10:03:15'),(4,'Elsie','Crist','shane08@example.net','169.725.7015x6067','2019-08-23 10:03:15','2019-08-23 10:03:15'),(5,'Lupe','Nolan','sporer.chadrick@example.org','(338)437-4310x68960','2019-08-23 10:03:15','2019-08-23 10:03:15'),(6,'Mohamed','Williamson','bianka.feil@example.net','1-088-355-7166','2019-08-23 10:03:15','2019-08-23 10:03:15'),(7,'Oswaldo','Oberbrunner','mkessler@example.org','000.748.8431','2019-08-23 10:03:15','2019-08-23 10:03:15'),(8,'Wilhelm','Gerhold','swaniawski.marjolaine@example.com','(968)031-2197','2019-08-23 10:03:15','2019-08-23 10:03:15'),(9,'Sonia','Williamson','velva.cummings@example.net','(388)009-4942x200','2019-08-23 10:03:15','2019-08-23 10:03:15'),(10,'Felipe','Dickens','beer.manuel@example.net','584-229-8205','2019-08-23 10:03:15','2019-08-23 10:03:15'),(11,'Luna','Waters','ignatius.adams@example.com','09485808236','2019-08-23 10:03:15','2019-08-23 10:03:15'),(12,'Jerrod','Daugherty','gilda.volkman@example.net','610.203.7614','2019-08-23 10:03:15','2019-08-23 10:03:15'),(13,'Dina','Labadie','zgutkowski@example.net','(534)681-4485x767','2019-08-23 10:03:15','2019-08-23 10:03:15'),(14,'Theresa','Ryan','jimmy71@example.com','432-943-4885x48398','2019-08-23 10:03:15','2019-08-23 10:03:15'),(15,'Halle','Corkery','alvera13@example.com','1-710-159-1212','2019-08-23 10:03:15','2019-08-23 10:03:15'),(16,'Aida','Macejkovic','joanne.wuckert@example.org','1-004-928-9723x5599','2019-08-23 10:03:15','2019-08-23 10:03:15'),(17,'Milan','Hamill','bins.savanah@example.net','991-472-0921x369','2019-08-23 10:03:15','2019-08-23 10:03:15'),(18,'Russel','Daugherty','gryan@example.com','108.703.3029x278','2019-08-23 10:03:15','2019-08-23 10:03:15'),(19,'Carroll','Blick','kmonahan@example.org','+87(2)7230845725','2019-08-23 10:03:15','2019-08-23 10:03:15'),(20,'Ashtyn','Kiehn','bahringer.gracie@example.com','(004)268-3910','2019-08-23 10:03:15','2019-08-23 10:03:15'),(21,'Lon','Sporer','denesik.rey@example.org','560.137.3374','2019-08-23 10:03:15','2019-08-23 10:03:15'),(22,'Morgan','Pfannerstill','avis20@example.org','275.957.1423x898','2019-08-23 10:03:15','2019-08-23 10:03:15'),(23,'Dedric','Mayer','heaney.alda@example.com','383.979.6390','2019-08-23 10:03:15','2019-08-23 10:03:15'),(24,'Reina','Windler','norma.mcclure@example.net','997-457-0073x1586','2019-08-23 10:03:15','2019-08-23 10:03:15'),(25,'Meggie','Price','aosinski@example.org','1-533-840-7528x722','2019-08-23 10:03:15','2019-08-23 10:03:15'),(26,'Johan','Willms','augusta56@example.org','05998314338','2019-08-23 10:03:15','2019-08-23 10:03:15'),(27,'Gianni','Fritsch','helga96@example.net','297.449.5032x908','2019-08-23 10:03:15','2019-08-23 10:03:15'),(28,'Laurine','Altenwerth','mkrajcik@example.net','135.990.2408','2019-08-23 10:03:15','2019-08-23 10:03:15'),(29,'Kenneth','Schuster','white.kristy@example.com','(066)684-6717x880','2019-08-23 10:03:15','2019-08-23 10:03:15'),(30,'Taryn','Stracke','btorphy@example.com','(807)231-2164','2019-08-23 10:03:15','2019-08-23 10:03:15'),(31,'Sheila','Kulas','marcelino09@example.com','(890)018-5970','2019-08-23 10:03:15','2019-08-23 10:03:15'),(32,'Bradley','Lebsack','jemmerich@example.net','124-411-8837x74628','2019-08-23 10:03:15','2019-08-23 10:03:15'),(33,'Leland','Cummerata','oral.crooks@example.net','1-218-506-8741x103','2019-08-23 10:03:15','2019-08-23 10:03:15'),(34,'Kenny','Armstrong','kellie48@example.com','03635467405','2019-08-23 10:03:15','2019-08-23 10:03:15'),(35,'Corrine','Toy','zkuphal@example.net','+49(6)1422234412','2019-08-23 10:03:15','2019-08-23 10:03:15'),(36,'Rodger','Mante','dawson.leannon@example.net','(890)556-4469','2019-08-23 10:03:15','2019-08-23 10:03:15'),(37,'Lelah','Stark','bogisich.keara@example.org','615-954-2571x2898','2019-08-23 10:03:15','2019-08-23 10:03:15'),(38,'Margarita','Doyle','itoy@example.com','07977096927','2019-08-23 10:03:15','2019-08-23 10:03:15'),(39,'Chad','Sawayn','alexandrea65@example.net','1-573-060-9723','2019-08-23 10:03:15','2019-08-23 10:03:15'),(40,'Leora','Wiza','lowe.corrine@example.org','(750)294-4006','2019-08-23 10:03:15','2019-08-23 10:03:15'),(41,'Lillian','Bernhard','vita80@example.net','387.253.8021x093','2019-08-23 10:03:15','2019-08-23 10:03:15'),(42,'Bonita','Littel','katlyn48@example.net','(858)541-3280x886','2019-08-23 10:03:15','2019-08-23 10:03:15'),(43,'Cindy','Kerluke','napoleon72@example.net','996-170-0927','2019-08-23 10:03:15','2019-08-23 10:03:15'),(44,'Faustino','Spinka','dudley.anderson@example.net','425-458-4777x638','2019-08-23 10:03:15','2019-08-23 10:03:15'),(45,'Teresa','Cummings','eleanora79@example.org','855.742.9403x418','2019-08-23 10:03:15','2019-08-23 10:03:15'),(46,'Britney','Boyer','austin.schimmel@example.org','1-811-717-5734x755','2019-08-23 10:03:15','2019-08-23 10:03:15'),(47,'Ashton','Cronin','sydnie.schaefer@example.org','1-833-542-1477','2019-08-23 10:03:15','2019-08-23 10:03:15'),(48,'Joshuah','Littel','gerry79@example.org','(325)684-6378x382','2019-08-23 10:03:15','2019-08-23 10:03:15'),(49,'Keyshawn','Roob','nstroman@example.org','03688622191','2019-08-23 10:03:15','2019-08-23 10:03:15'),(50,'Dominique','Morissette','rafael90@example.net','1-754-527-8235x10845','2019-08-23 10:03:15','2019-08-23 10:03:15'),(51,'Max','Pfeffer','rocio.mraz@example.com','(941)743-9885x1021','2019-08-23 10:03:15','2019-08-23 10:03:15'),(52,'Crawford','Gulgowski','ebrown@example.org','379-719-7522','2019-08-23 10:03:15','2019-08-23 10:03:15'),(53,'Merle','Berge','eruecker@example.com','422-310-1754x425','2019-08-23 10:03:15','2019-08-23 10:03:15'),(54,'Miles','Lubowitz','bruen.verona@example.com','(693)704-3619x41005','2019-08-23 10:03:15','2019-08-23 10:03:15'),(55,'Orlo','Cassin','cartwright.ashtyn@example.net','08975137506','2019-08-23 10:03:15','2019-08-23 10:03:15'),(56,'Gloria','Murphy','alexandre55@example.net','+19(6)2904037427','2019-08-23 10:03:15','2019-08-23 10:03:15'),(57,'Nova','Treutel','iwisozk@example.net','771-638-1592x02890','2019-08-23 10:03:15','2019-08-23 10:03:15'),(58,'Nathanial','Grant','shannon.schumm@example.net','(424)314-0605','2019-08-23 10:03:15','2019-08-23 10:03:15'),(59,'Yasmin','Connelly','johnny.fay@example.com','(534)878-9129x530','2019-08-23 10:03:15','2019-08-23 10:03:15'),(60,'Dallin','Funk','rhea.krajcik@example.net','05652815961','2019-08-23 10:03:15','2019-08-23 10:03:15'),(61,'Lia','Keeling','kframi@example.org','319.989.4398','2019-08-23 10:03:15','2019-08-23 10:03:15'),(62,'Kenyatta','Crist','alford75@example.net','803.349.5647x067','2019-08-23 10:03:15','2019-08-23 10:03:15'),(63,'Drake','Dare','champlin.alvis@example.com','1-308-351-8315x673','2019-08-23 10:03:15','2019-08-23 10:03:15'),(64,'Zachary','Dickens','kamron67@example.org','539-189-3023x4024','2019-08-23 10:03:15','2019-08-23 10:03:15'),(65,'Waylon','Grady','shanna.champlin@example.org','767-927-6047x78193','2019-08-23 10:03:15','2019-08-23 10:03:15'),(66,'Rebecca','Keebler','alana.witting@example.com','787.229.4827','2019-08-23 10:03:15','2019-08-23 10:03:15'),(67,'Jaylan','Wiza','lrempel@example.com','03631146536','2019-08-23 10:03:15','2019-08-23 10:03:15'),(68,'Loy','Schowalter','bayer.felicity@example.net','1-293-049-3760x4684','2019-08-23 10:03:15','2019-08-23 10:03:15'),(69,'Joseph','Gleason','nella04@example.org','311.114.5037x26461','2019-08-23 10:03:15','2019-08-23 10:03:15'),(70,'Heath','Abbott','csawayn@example.net','1-970-693-9132','2019-08-23 10:03:15','2019-08-23 10:03:15'),(71,'Bridie','Rogahn','bheidenreich@example.com','1-065-352-7234x61183','2019-08-23 10:03:15','2019-08-23 10:03:15'),(72,'Ricky','McKenzie','jarred83@example.org','+82(3)4671381787','2019-08-23 10:03:15','2019-08-23 10:03:15'),(73,'Norwood','Schaden','cristal81@example.net','858.541.0332x572','2019-08-23 10:03:15','2019-08-23 10:03:15'),(74,'Raphaelle','Kilback','xhoppe@example.org','638-162-9908','2019-08-23 10:03:15','2019-08-23 10:03:15'),(75,'Pablo','Vandervort','kkoch@example.net','1-062-793-2437x587','2019-08-23 10:03:15','2019-08-23 10:03:15'),(76,'Nicole','Herzog','grant.alva@example.net','1-463-613-8773','2019-08-23 10:03:15','2019-08-23 10:03:15'),(77,'Demarco','Zulauf','allison02@example.com','(370)968-5868x7057','2019-08-23 10:03:15','2019-08-23 10:03:15'),(78,'Patricia','Wyman','erica41@example.org','828.427.3289x97183','2019-08-23 10:03:15','2019-08-23 10:03:15'),(79,'Oceane','Bode','berge.devan@example.com','05551292680','2019-08-23 10:03:15','2019-08-23 10:03:15'),(80,'Bianka','Lynch','myrtie.kessler@example.com','263.221.9097','2019-08-23 10:03:15','2019-08-23 10:03:15'),(81,'Noah','Turcotte','zcummings@example.com','520-856-5074x57070','2019-08-23 10:03:15','2019-08-23 10:03:15'),(82,'Mable','Wolf','kirlin.cordia@example.net','091.545.9025x44746','2019-08-23 10:03:15','2019-08-23 10:03:15'),(83,'Evalyn','Purdy','rey.gerlach@example.com','1-937-723-2684x32207','2019-08-23 10:03:15','2019-08-23 10:03:15'),(84,'Mathew','Gleason','kohler.adrianna@example.com','941.381.5635x2678','2019-08-23 10:03:15','2019-08-23 10:03:15'),(85,'Mozelle','Bins','gregg44@example.org','+72(5)8894555157','2019-08-23 10:03:15','2019-08-23 10:03:15'),(86,'Shayne','Kuhlman','isabelle38@example.org','187.657.8362x88429','2019-08-23 10:03:15','2019-08-23 10:03:15'),(87,'Chelsea','Corwin','ndaugherty@example.org','+85(9)4315869993','2019-08-23 10:03:15','2019-08-23 10:03:15'),(88,'Solon','O\'Hara','ankunding.kenna@example.net','919.888.7541','2019-08-23 10:03:15','2019-08-23 10:03:15'),(89,'Keshawn','Ryan','hand.maddison@example.com','057.485.6678x7947','2019-08-23 10:03:15','2019-08-23 10:03:15'),(90,'Maye','Wisoky','giovanna64@example.com','(266)244-3961','2019-08-23 10:03:15','2019-08-23 10:03:15'),(91,'Zita','Huel','feil.horace@example.net','(136)635-0233x8076','2019-08-23 10:03:15','2019-08-23 10:03:15'),(92,'Darrell','Smith','alanna11@example.net','148-542-0775x97577','2019-08-23 10:03:15','2019-08-23 10:03:15'),(93,'Rafael','Murray','xbrown@example.net','959-359-0804x5070','2019-08-23 10:03:15','2019-08-23 10:03:15'),(94,'Landen','Sawayn','fritz34@example.org','687-890-0997','2019-08-23 10:03:15','2019-08-23 10:03:15'),(95,'Chanelle','Gleichner','imelda.batz@example.org','1-152-081-4389x611','2019-08-23 10:03:15','2019-08-23 10:03:15'),(96,'Cody','Schneider','karley66@example.com','309-298-7582x4214','2019-08-23 10:03:15','2019-08-23 10:03:15'),(97,'Shanna','Stroman','rudolph80@example.org','01132089309','2019-08-23 10:03:15','2019-08-23 10:03:15'),(98,'Maxie','Abernathy','vhoppe@example.com','930.643.2127x13191','2019-08-23 10:03:15','2019-08-23 10:03:15'),(99,'Allison','Hane','kendra.heaney@example.org','884.922.1573x9532','2019-08-23 10:03:15','2019-08-23 10:03:15'),(100,'Faye','Johns','vbrekke@example.org','338.874.4003x075','2019-08-23 10:03:15','2019-08-23 10:03:15');
/*!40000 ALTER TABLE `users` ENABLE KEYS */;
UNLOCK TABLES;
/*!40103 SET TIME_ZONE=@OLD_TIME_ZONE */;

/*!40101 SET SQL_MODE=@OLD_SQL_MODE */;
/*!40014 SET FOREIGN_KEY_CHECKS=@OLD_FOREIGN_KEY_CHECKS */;
/*!40014 SET UNIQUE_CHECKS=@OLD_UNIQUE_CHECKS */;
/*!40101 SET CHARACTER_SET_CLIENT=@OLD_CHARACTER_SET_CLIENT */;
/*!40101 SET CHARACTER_SET_RESULTS=@OLD_CHARACTER_SET_RESULTS */;
/*!40101 SET COLLATION_CONNECTION=@OLD_COLLATION_CONNECTION */;
/*!40111 SET SQL_NOTES=@OLD_SQL_NOTES */;

-- Dump completed on 2019-09-08 19:39:44
